Stock Item Key,Stock Item,Color,Selling Package,Buying Package,Brand,Size,Is Chiller Stock,Unit Price
83,Animal with big feet slippers (Brown) XL,N/A,Each,Each,N/A,XL,FALSE,32
84,Animal with big feet slippers (Brown) L,N/A,Each,Each,N/A,L,FALSE,32
85,Animal with big feet slippers (Brown) M,N/A,Each,Each,N/A,M,FALSE,32
86,Animal with big feet slippers (Brown) S,N/A,Each,Each,N/A,S,FALSE,32
95,Ogre battery-powered slippers (Green) XL,N/A,Each,Each,N/A,XL,FALSE,32
96,Ogre battery-powered slippers (Green) L,N/A,Each,Each,N/A,L,FALSE,32
97,Ogre battery-powered slippers (Green) M,N/A,Each,Each,N/A,M,FALSE,32
98,Ogre battery-powered slippers (Green) S,N/A,Each,Each,N/A,S,FALSE,32
99,Dinosaur battery-powered slippers (Green) XL,N/A,Each,Each,N/A,XL,FALSE,32
100,Dinosaur battery-powered slippers (Green) L,N/A,Each,Each,N/A,L,FALSE,32
101,Dinosaur battery-powered slippers (Green) M,N/A,Each,Each,N/A,M,FALSE,32
102,Dinosaur battery-powered slippers (Green) S,N/A,Each,Each,N/A,S,FALSE,32
206,USB food flash drive - fortune cookie,N/A,Each,Each,N/A,N/A,FALSE,32
207,USB food flash drive - shrimp cocktail,N/A,Each,Each,N/A,N/A,FALSE,32
208,USB food flash drive - donut,N/A,Each,Each,N/A,N/A,FALSE,32
209,USB food flash drive - cookie,N/A,Each,Each,N/A,N/A,FALSE,32
210,USB food flash drive - chocolate bar,N/A,Each,Each,N/A,N/A,FALSE,32
211,USB food flash drive - banana,N/A,Each,Each,N/A,N/A,FALSE,32
213,USB food flash drive - pizza slice,N/A,Each,Each,N/A,N/A,FALSE,32
214,USB food flash drive - hot dog,N/A,Each,Each,N/A,N/A,FALSE,32
215,USB food flash drive - hamburger,N/A,Each,Each,N/A,N/A,FALSE,32
216,USB food flash drive - sushi roll,N/A,Each,Each,N/A,N/A,FALSE,32
238,USB food flash drive - fortune cookie,N/A,Each,Each,N/A,N/A,FALSE,32
239,USB food flash drive - shrimp cocktail,N/A,Each,Each,N/A,N/A,FALSE,32
240,USB food flash drive - donut,N/A,Each,Each,N/A,N/A,FALSE,32
241,USB food flash drive - cookie,N/A,Each,Each,N/A,N/A,FALSE,32
242,USB food flash drive - chocolate bar,N/A,Each,Each,N/A,N/A,FALSE,32
243,USB food flash drive - banana,N/A,Each,Each,N/A,N/A,FALSE,32
245,USB food flash drive - pizza slice,N/A,Each,Each,N/A,N/A,FALSE,32
246,USB food flash drive - hot dog,N/A,Each,Each,N/A,N/A,FALSE,32
247,USB food flash drive - hamburger,N/A,Each,Each,N/A,N/A,FALSE,32
248,USB food flash drive - sushi roll,N/A,Each,Each,N/A,N/A,FALSE,32
360,Animal with big feet slippers (Brown) XL,N/A,Each,Each,N/A,XL,FALSE,32
361,Animal with big feet slippers (Brown) L,N/A,Each,Each,N/A,L,FALSE,32
362,Animal with big feet slippers (Brown) M,N/A,Each,Each,N/A,M,FALSE,32
363,Animal with big feet slippers (Brown) S,N/A,Each,Each,N/A,S,FALSE,32
372,Ogre battery-powered slippers (Green) XL,N/A,Each,Each,N/A,XL,FALSE,32
373,Ogre battery-powered slippers (Green) L,N/A,Each,Each,N/A,L,FALSE,32
374,Ogre battery-powered slippers (Green) M,N/A,Each,Each,N/A,M,FALSE,32
375,Ogre battery-powered slippers (Green) S,N/A,Each,Each,N/A,S,FALSE,32
376,Dinosaur battery-powered slippers (Green) XL,N/A,Each,Each,N/A,XL,FALSE,32
377,Dinosaur battery-powered slippers (Green) L,N/A,Each,Each,N/A,L,FALSE,32
378,Dinosaur battery-powered slippers (Green) M,N/A,Each,Each,N/A,M,FALSE,32
379,Dinosaur battery-powered slippers (Green) S,N/A,Each,Each,N/A,S,FALSE,32
497,Animal with big feet slippers (Brown) XL,N/A,Each,Each,N/A,XL,FALSE,32
498,Animal with big feet slippers (Brown) L,N/A,Each,Each,N/A,L,FALSE,32
499,Animal with big feet slippers (Brown) M,N/A,Each,Each,N/A,M,FALSE,32
500,Animal with big feet slippers (Brown) S,N/A,Each,Each,N/A,S,FALSE,32
509,Ogre battery-powered slippers (Green) XL,N/A,Each,Each,N/A,XL,FALSE,32
510,Ogre battery-powered slippers (Green) L,N/A,Each,Each,N/A,L,FALSE,32
511,Ogre battery-powered slippers (Green) M,N/A,Each,Each,N/A,M,FALSE,32
512,Ogre battery-powered slippers (Green) S,N/A,Each,Each,N/A,S,FALSE,32
513,Dinosaur battery-powered slippers (Green) XL,N/A,Each,Each,N/A,XL,FALSE,32
514,Dinosaur battery-powered slippers (Green) L,N/A,Each,Each,N/A,L,FALSE,32
515,Dinosaur battery-powered slippers (Green) M,N/A,Each,Each,N/A,M,FALSE,32
516,Dinosaur battery-powered slippers (Green) S,N/A,Each,Each,N/A,S,FALSE,32
517,Dinosaur battery-powered slippers (Green) S,N/A,Each,Each,N/A,S,FALSE,32
518,Dinosaur battery-powered slippers (Green) M,N/A,Each,Each,N/A,M,FALSE,32
519,Dinosaur battery-powered slippers (Green) L,N/A,Each,Each,N/A,L,FALSE,32
520,Dinosaur battery-powered slippers (Green) XL,N/A,Each,Each,N/A,XL,FALSE,32
521,Ogre battery-powered slippers (Green) S,N/A,Each,Each,N/A,S,FALSE,32
522,Ogre battery-powered slippers (Green) M,N/A,Each,Each,N/A,M,FALSE,32
523,Ogre battery-powered slippers (Green) L,N/A,Each,Each,N/A,L,FALSE,32
524,Ogre battery-powered slippers (Green) XL,N/A,Each,Each,N/A,XL,FALSE,32
533,Animal with big feet slippers (Brown) S,N/A,Each,Each,N/A,S,FALSE,32
534,Animal with big feet slippers (Brown) M,N/A,Each,Each,N/A,M,FALSE,32
535,Animal with big feet slippers (Brown) L,N/A,Each,Each,N/A,L,FALSE,32
536,Animal with big feet slippers (Brown) XL,N/A,Each,Each,N/A,XL,FALSE,32
538,USB food flash drive - fortune cookie,N/A,Each,Each,N/A,N/A,FALSE,32
539,USB food flash drive - shrimp cocktail,N/A,Each,Each,N/A,N/A,FALSE,32
540,USB food flash drive - donut,N/A,Each,Each,N/A,N/A,FALSE,32
541,USB food flash drive - cookie,N/A,Each,Each,N/A,N/A,FALSE,32
542,USB food flash drive - chocolate bar,N/A,Each,Each,N/A,N/A,FALSE,32
543,USB food flash drive - banana,N/A,Each,Each,N/A,N/A,FALSE,32
545,USB food flash drive - pizza slice,N/A,Each,Each,N/A,N/A,FALSE,32
546,USB food flash drive - hot dog,N/A,Each,Each,N/A,N/A,FALSE,32
547,USB food flash drive - hamburger,N/A,Each,Each,N/A,N/A,FALSE,32
548,USB food flash drive - sushi roll,N/A,Each,Each,N/A,N/A,FALSE,32
591,USB food flash drive - sushi roll,N/A,Each,Each,N/A,N/A,FALSE,32
592,USB food flash drive - hamburger,N/A,Each,Each,N/A,N/A,FALSE,32
593,USB food flash drive - hot dog,N/A,Each,Each,N/A,N/A,FALSE,32
594,USB food flash drive - pizza slice,N/A,Each,Each,N/A,N/A,FALSE,32
596,USB food flash drive - banana,N/A,Each,Each,N/A,N/A,FALSE,32
597,USB food flash drive - chocolate bar,N/A,Each,Each,N/A,N/A,FALSE,32
598,USB food flash drive - cookie,N/A,Each,Each,N/A,N/A,FALSE,32
599,USB food flash drive - donut,N/A,Each,Each,N/A,N/A,FALSE,32
600,USB food flash drive - shrimp cocktail,N/A,Each,Each,N/A,N/A,FALSE,32
601,USB food flash drive - fortune cookie,N/A,Each,Each,N/A,N/A,FALSE,32
87,Furry gorilla with big eyes slippers (Black) XL,Black,Each,Each,N/A,XL,FALSE,32
88,Furry gorilla with big eyes slippers (Black) L,Black,Each,Each,N/A,L,FALSE,32
89,Furry gorilla with big eyes slippers (Black) M,Black,Each,Each,N/A,M,FALSE,32
90,Furry gorilla with big eyes slippers (Black) S,Black,Each,Each,N/A,S,FALSE,32
91,Plush shark slippers (Gray) XL,Gray,Each,Each,N/A,XL,FALSE,32
92,Plush shark slippers (Gray) L,Gray,Each,Each,N/A,L,FALSE,32
93,Plush shark slippers (Gray) M,Gray,Each,Each,N/A,M,FALSE,32
94,Plush shark slippers (Gray) S,Gray,Each,Each,N/A,S,FALSE,32
364,Furry gorilla with big eyes slippers (Black) XL,Black,Each,Each,N/A,XL,FALSE,32
365,Furry gorilla with big eyes slippers (Black) L,Black,Each,Each,N/A,L,FALSE,32
366,Furry gorilla with big eyes slippers (Black) M,Black,Each,Each,N/A,M,FALSE,32
367,Furry gorilla with big eyes slippers (Black) S,Black,Each,Each,N/A,S,FALSE,32
368,Plush shark slippers (Gray) XL,Steel Gray,Each,Each,N/A,XL,FALSE,32
369,Plush shark slippers (Gray) L,Steel Gray,Each,Each,N/A,L,FALSE,32
370,Plush shark slippers (Gray) M,Steel Gray,Each,Each,N/A,M,FALSE,32
371,Plush shark slippers (Gray) S,Steel Gray,Each,Each,N/A,S,FALSE,32
501,Furry gorilla with big eyes slippers (Black) XL,Black,Each,Each,N/A,XL,FALSE,32
502,Furry gorilla with big eyes slippers (Black) L,Black,Each,Each,N/A,L,FALSE,32
503,Furry gorilla with big eyes slippers (Black) M,Black,Each,Each,N/A,M,FALSE,32
504,Furry gorilla with big eyes slippers (Black) S,Black,Each,Each,N/A,S,FALSE,32
505,Plush shark slippers (Gray) XL,Steel Gray,Each,Each,N/A,XL,FALSE,32
506,Plush shark slippers (Gray) L,Steel Gray,Each,Each,N/A,L,FALSE,32
507,Plush shark slippers (Gray) M,Steel Gray,Each,Each,N/A,M,FALSE,32
508,Plush shark slippers (Gray) S,Steel Gray,Each,Each,N/A,S,FALSE,32
525,Plush shark slippers (Gray) S,Steel Gray,Each,Each,N/A,S,FALSE,32
526,Plush shark slippers (Gray) M,Steel Gray,Each,Each,N/A,M,FALSE,32
527,Plush shark slippers (Gray) L,Steel Gray,Each,Each,N/A,L,FALSE,32
528,Plush shark slippers (Gray) XL,Steel Gray,Each,Each,N/A,XL,FALSE,32
529,Furry gorilla with big eyes slippers (Black) S,Black,Each,Each,N/A,S,FALSE,32
530,Furry gorilla with big eyes slippers (Black) M,Black,Each,Each,N/A,M,FALSE,32
531,Furry gorilla with big eyes slippers (Black) L,Black,Each,Each,N/A,L,FALSE,32
532,Furry gorilla with big eyes slippers (Black) XL,Black,Each,Each,N/A,XL,FALSE,32
15,Tape dispenser (Blue),N/A,Each,Each,N/A,N/A,FALSE,32
16,Tape dispenser (Red),N/A,Each,Each,N/A,N/A,FALSE,32
17,Tape dispenser (Black),N/A,Each,Each,N/A,N/A,FALSE,32
49,32 mm Anti static bubble wrap (Blue) 10m,Blue,Each,Each,N/A,10m,FALSE,32
307,Tape dispenser (Blue),N/A,Each,Each,N/A,N/A,FALSE,32
308,Tape dispenser (Red),N/A,Each,Each,N/A,N/A,FALSE,32
309,Tape dispenser (Black),N/A,Each,Each,N/A,N/A,FALSE,32
341,32 mm Anti static bubble wrap (Blue) 10m,Blue,Each,Each,N/A,10m,FALSE,32
623,32 mm Anti static bubble wrap (Blue) 10m,Blue,Each,Each,N/A,10m,FALSE,32
655,Tape dispenser (Black),N/A,Each,Each,N/A,N/A,FALSE,32
656,Tape dispenser (Red),N/A,Each,Each,N/A,N/A,FALSE,32
657,Tape dispenser (Blue),N/A,Each,Each,N/A,N/A,FALSE,32
163,IT joke mug - hardware: part of the computer that can be kicked (Black),Black,Each,Each,N/A,N/A,FALSE,13
164,IT joke mug - hardware: part of the computer that can be kicked (White),White,Each,Each,N/A,N/A,FALSE,13
165,IT joke mug - that behavior is by design (Black),Black,Each,Each,N/A,N/A,FALSE,13
166,IT joke mug - that behavior is by design (White),White,Each,Each,N/A,N/A,FALSE,13
167,IT joke mug - keyboard not found … press F1 to continue (Black),Black,Each,Each,N/A,N/A,FALSE,13
168,IT joke mug - keyboard not found … press F1 to continue (White),White,Each,Each,N/A,N/A,FALSE,13
169,Developer joke mug - old C developers never die (Black),Black,Each,Each,N/A,N/A,FALSE,13
170,Developer joke mug - old C developers never die (White),White,Each,Each,N/A,N/A,FALSE,13
171,Developer joke mug - this code was generated by a tool (Black),Black,Each,Each,N/A,N/A,FALSE,13
172,Developer joke mug - this code was generated by a tool (White),White,Each,Each,N/A,N/A,FALSE,13
173,Developer joke mug - a foo walks into a bar (Black),Black,Each,Each,N/A,N/A,FALSE,13
174,Developer joke mug - a foo walks into a bar (White),White,Each,Each,N/A,N/A,FALSE,13
175,Developer joke mug - there are 10 types of people in the world (Black),Black,Each,Each,N/A,N/A,FALSE,13
176,Developer joke mug - there are 10 types of people in the world (White),White,Each,Each,N/A,N/A,FALSE,13
177,Developer joke mug - understanding recursion requires understanding recursion (Black),Black,Each,Each,N/A,N/A,FALSE,13
178,Developer joke mug - understanding recursion requires understanding recursion (White),White,Each,Each,N/A,N/A,FALSE,13
179,"Developer joke mug - (hip, hip, array) (Black)",Black,Each,Each,N/A,N/A,FALSE,13
180,"Developer joke mug - (hip, hip, array) (White)",White,Each,Each,N/A,N/A,FALSE,13
181,Developer joke mug - inheritance is the OO way to become wealthy (Black),Black,Each,Each,N/A,N/A,FALSE,13
182,Developer joke mug - inheritance is the OO way to become wealthy (White),White,Each,Each,N/A,N/A,FALSE,13
183,Developer joke mug - when your hammer is C++ (Black),Black,Each,Each,N/A,N/A,FALSE,13
184,Developer joke mug - when your hammer is C++ (White),White,Each,Each,N/A,N/A,FALSE,13
185,Developer joke mug - fun was unexpected at this time (Black),Black,Each,Each,N/A,N/A,FALSE,13
186,Developer joke mug - fun was unexpected at this time (White),White,Each,Each,N/A,N/A,FALSE,13
187,Developer joke mug - that's a hardware problem (Black),Black,Each,Each,N/A,N/A,FALSE,13
188,Developer joke mug - that's a hardware problem (White),White,Each,Each,N/A,N/A,FALSE,13
189,Developer joke mug - Oct 31 = Dec 25 (Black),Black,Each,Each,N/A,N/A,FALSE,13
190,Developer joke mug - Oct 31 = Dec 25 (White),White,Each,Each,N/A,N/A,FALSE,13
191,DBA joke mug - two types of DBAs (Black),Black,Each,Each,N/A,N/A,FALSE,13
192,DBA joke mug - two types of DBAs (White),White,Each,Each,N/A,N/A,FALSE,13
193,DBA joke mug - SELECT caffeine FROM mug (Black),Black,Each,Each,N/A,N/A,FALSE,13
194,DBA joke mug - SELECT caffeine FROM mug (White),White,Each,Each,N/A,N/A,FALSE,13
195,DBA joke mug - I will get you in order (Black),Black,Each,Each,N/A,N/A,FALSE,13
196,DBA joke mug - I will get you in order (White),White,Each,Each,N/A,N/A,FALSE,13
197,DBA joke mug - it depends (Black),Black,Each,Each,N/A,N/A,FALSE,13
198,DBA joke mug - it depends (White),White,Each,Each,N/A,N/A,FALSE,13
199,DBA joke mug - you might be a DBA if (Black),Black,Each,Each,N/A,N/A,FALSE,13
200,DBA joke mug - you might be a DBA if (White),White,Each,Each,N/A,N/A,FALSE,13
201,DBA joke mug - daaaaaa-ta (Black),Black,Each,Each,N/A,N/A,FALSE,13
202,DBA joke mug - daaaaaa-ta (White),White,Each,Each,N/A,N/A,FALSE,13
203,DBA joke mug - mind if I join you? (Black),Black,Each,Each,N/A,N/A,FALSE,13
204,DBA joke mug - mind if I join you? (White),White,Each,Each,N/A,N/A,FALSE,13
249,IT joke mug - hardware: part of the computer that can be kicked (Black),Black,Each,Each,N/A,N/A,FALSE,13
250,IT joke mug - hardware: part of the computer that can be kicked (White),White,Each,Each,N/A,N/A,FALSE,13
251,IT joke mug - that behavior is by design (Black),Black,Each,Each,N/A,N/A,FALSE,13
252,IT joke mug - that behavior is by design (White),White,Each,Each,N/A,N/A,FALSE,13
253,IT joke mug - keyboard not found … press F1 to continue (Black),Black,Each,Each,N/A,N/A,FALSE,13
254,IT joke mug - keyboard not found … press F1 to continue (White),White,Each,Each,N/A,N/A,FALSE,13
255,Developer joke mug - old C developers never die (Black),Black,Each,Each,N/A,N/A,FALSE,13
256,Developer joke mug - old C developers never die (White),White,Each,Each,N/A,N/A,FALSE,13
257,Developer joke mug - this code was generated by a tool (Black),Black,Each,Each,N/A,N/A,FALSE,13
258,Developer joke mug - this code was generated by a tool (White),White,Each,Each,N/A,N/A,FALSE,13
259,Developer joke mug - a foo walks into a bar (Black),Black,Each,Each,N/A,N/A,FALSE,13
260,Developer joke mug - a foo walks into a bar (White),White,Each,Each,N/A,N/A,FALSE,13
261,Developer joke mug - there are 10 types of people in the world (Black),Black,Each,Each,N/A,N/A,FALSE,13
262,Developer joke mug - there are 10 types of people in the world (White),White,Each,Each,N/A,N/A,FALSE,13
263,Developer joke mug - understanding recursion requires understanding recursion (Black),Black,Each,Each,N/A,N/A,FALSE,13
264,Developer joke mug - understanding recursion requires understanding recursion (White),White,Each,Each,N/A,N/A,FALSE,13
265,"Developer joke mug - (hip, hip, array) (Black)",Black,Each,Each,N/A,N/A,FALSE,13
266,"Developer joke mug - (hip, hip, array) (White)",White,Each,Each,N/A,N/A,FALSE,13
267,Developer joke mug - inheritance is the OO way to become wealthy (Black),Black,Each,Each,N/A,N/A,FALSE,13
268,Developer joke mug - inheritance is the OO way to become wealthy (White),White,Each,Each,N/A,N/A,FALSE,13
269,Developer joke mug - when your hammer is C++ (Black),Black,Each,Each,N/A,N/A,FALSE,13
270,Developer joke mug - when your hammer is C++ (White),White,Each,Each,N/A,N/A,FALSE,13
271,Developer joke mug - fun was unexpected at this time (Black),Black,Each,Each,N/A,N/A,FALSE,13
272,Developer joke mug - fun was unexpected at this time (White),White,Each,Each,N/A,N/A,FALSE,13
273,Developer joke mug - that's a hardware problem (Black),Black,Each,Each,N/A,N/A,FALSE,13
274,Developer joke mug - that's a hardware problem (White),White,Each,Each,N/A,N/A,FALSE,13
275,Developer joke mug - Oct 31 = Dec 25 (Black),Black,Each,Each,N/A,N/A,FALSE,13
276,Developer joke mug - Oct 31 = Dec 25 (White),White,Each,Each,N/A,N/A,FALSE,13
277,DBA joke mug - two types of DBAs (Black),Black,Each,Each,N/A,N/A,FALSE,13
278,DBA joke mug - two types of DBAs (White),White,Each,Each,N/A,N/A,FALSE,13
279,DBA joke mug - SELECT caffeine FROM mug (Black),Black,Each,Each,N/A,N/A,FALSE,13
280,DBA joke mug - SELECT caffeine FROM mug (White),White,Each,Each,N/A,N/A,FALSE,13
281,DBA joke mug - I will get you in order (Black),Black,Each,Each,N/A,N/A,FALSE,13
282,DBA joke mug - I will get you in order (White),White,Each,Each,N/A,N/A,FALSE,13
283,DBA joke mug - it depends (Black),Black,Each,Each,N/A,N/A,FALSE,13
284,DBA joke mug - it depends (White),White,Each,Each,N/A,N/A,FALSE,13
285,DBA joke mug - you might be a DBA if (Black),Black,Each,Each,N/A,N/A,FALSE,13
286,DBA joke mug - you might be a DBA if (White),White,Each,Each,N/A,N/A,FALSE,13
287,DBA joke mug - daaaaaa-ta (Black),Black,Each,Each,N/A,N/A,FALSE,13
288,DBA joke mug - daaaaaa-ta (White),White,Each,Each,N/A,N/A,FALSE,13
289,DBA joke mug - mind if I join you? (Black),Black,Each,Each,N/A,N/A,FALSE,13
290,DBA joke mug - mind if I join you? (White),White,Each,Each,N/A,N/A,FALSE,13
549,DBA joke mug - mind if I join you? (White),White,Each,Each,N/A,N/A,FALSE,13
550,DBA joke mug - mind if I join you? (Black),Black,Each,Each,N/A,N/A,FALSE,13
551,DBA joke mug - daaaaaa-ta (White),White,Each,Each,N/A,N/A,FALSE,13
552,DBA joke mug - daaaaaa-ta (Black),Black,Each,Each,N/A,N/A,FALSE,13
553,DBA joke mug - you might be a DBA if (White),White,Each,Each,N/A,N/A,FALSE,13
554,DBA joke mug - you might be a DBA if (Black),Black,Each,Each,N/A,N/A,FALSE,13
555,DBA joke mug - it depends (White),White,Each,Each,N/A,N/A,FALSE,13
556,DBA joke mug - it depends (Black),Black,Each,Each,N/A,N/A,FALSE,13
557,DBA joke mug - I will get you in order (White),White,Each,Each,N/A,N/A,FALSE,13
558,DBA joke mug - I will get you in order (Black),Black,Each,Each,N/A,N/A,FALSE,13
559,DBA joke mug - SELECT caffeine FROM mug (White),White,Each,Each,N/A,N/A,FALSE,13
560,DBA joke mug - SELECT caffeine FROM mug (Black),Black,Each,Each,N/A,N/A,FALSE,13
561,DBA joke mug - two types of DBAs (White),White,Each,Each,N/A,N/A,FALSE,13
562,DBA joke mug - two types of DBAs (Black),Black,Each,Each,N/A,N/A,FALSE,13
563,Developer joke mug - Oct 31 = Dec 25 (White),White,Each,Each,N/A,N/A,FALSE,13
564,Developer joke mug - Oct 31 = Dec 25 (Black),Black,Each,Each,N/A,N/A,FALSE,13
565,Developer joke mug - that's a hardware problem (White),White,Each,Each,N/A,N/A,FALSE,13
566,Developer joke mug - that's a hardware problem (Black),Black,Each,Each,N/A,N/A,FALSE,13
567,Developer joke mug - fun was unexpected at this time (White),White,Each,Each,N/A,N/A,FALSE,13
568,Developer joke mug - fun was unexpected at this time (Black),Black,Each,Each,N/A,N/A,FALSE,13
569,Developer joke mug - when your hammer is C++ (White),White,Each,Each,N/A,N/A,FALSE,13
570,Developer joke mug - when your hammer is C++ (Black),Black,Each,Each,N/A,N/A,FALSE,13
571,Developer joke mug - inheritance is the OO way to become wealthy (White),White,Each,Each,N/A,N/A,FALSE,13
572,Developer joke mug - inheritance is the OO way to become wealthy (Black),Black,Each,Each,N/A,N/A,FALSE,13
573,"Developer joke mug - (hip, hip, array) (White)",White,Each,Each,N/A,N/A,FALSE,13
574,"Developer joke mug - (hip, hip, array) (Black)",Black,Each,Each,N/A,N/A,FALSE,13
575,Developer joke mug - understanding recursion requires understanding recursion (White),White,Each,Each,N/A,N/A,FALSE,13
576,Developer joke mug - understanding recursion requires understanding recursion (Black),Black,Each,Each,N/A,N/A,FALSE,13
577,Developer joke mug - there are 10 types of people in the world (White),White,Each,Each,N/A,N/A,FALSE,13
578,Developer joke mug - there are 10 types of people in the world (Black),Black,Each,Each,N/A,N/A,FALSE,13
579,Developer joke mug - a foo walks into a bar (White),White,Each,Each,N/A,N/A,FALSE,13
580,Developer joke mug - a foo walks into a bar (Black),Black,Each,Each,N/A,N/A,FALSE,13
581,Developer joke mug - this code was generated by a tool (White),White,Each,Each,N/A,N/A,FALSE,13
582,Developer joke mug - this code was generated by a tool (Black),Black,Each,Each,N/A,N/A,FALSE,13
583,Developer joke mug - old C developers never die (White),White,Each,Each,N/A,N/A,FALSE,13
584,Developer joke mug - old C developers never die (Black),Black,Each,Each,N/A,N/A,FALSE,13
585,IT joke mug - keyboard not found … press F1 to continue (White),White,Each,Each,N/A,N/A,FALSE,13
586,IT joke mug - keyboard not found … press F1 to continue (Black),Black,Each,Each,N/A,N/A,FALSE,13
587,IT joke mug - that behavior is by design (White),White,Each,Each,N/A,N/A,FALSE,13
588,IT joke mug - that behavior is by design (Black),Black,Each,Each,N/A,N/A,FALSE,13
589,IT joke mug - hardware: part of the computer that can be kicked (White),White,Each,Each,N/A,N/A,FALSE,13
590,IT joke mug - hardware: part of the computer that can be kicked (Black),Black,Each,Each,N/A,N/A,FALSE,13
71,Halloween skull mask (Gray) XL,Gray,Each,Carton,N/A,XL,FALSE,18
72,Halloween skull mask (Gray) L,Gray,Each,Carton,N/A,L,FALSE,18
73,Halloween skull mask (Gray) M,Gray,Each,Carton,N/A,M,FALSE,18
74,Halloween skull mask (Gray) S,Gray,Each,Carton,N/A,S,FALSE,18
75,Halloween zombie mask (Light Brown) XL,Light Brown,Each,Carton,N/A,XL,FALSE,18
76,Halloween zombie mask (Light Brown) L,Light Brown,Each,Carton,N/A,L,FALSE,18
77,Halloween zombie mask (Light Brown) M,Light Brown,Each,Carton,N/A,M,FALSE,18
78,Halloween zombie mask (Light Brown) S,Light Brown,Each,Carton,N/A,S,FALSE,18
119,"""The Gu"" red shirt XML tag t-shirt (Black) 7XL",Black,Each,Carton,N/A,7XL,FALSE,18
120,"""The Gu"" red shirt XML tag t-shirt (Black) 6XL",Black,Each,Carton,N/A,6XL,FALSE,18
121,"""The Gu"" red shirt XML tag t-shirt (Black) 5XL",Black,Each,Carton,N/A,5XL,FALSE,18
122,"""The Gu"" red shirt XML tag t-shirt (Black) 4XL",Black,Each,Carton,N/A,4XL,FALSE,18
123,"""The Gu"" red shirt XML tag t-shirt (Black) 3XL",Black,Each,Carton,N/A,3XL,FALSE,18
124,"""The Gu"" red shirt XML tag t-shirt (Black) XXL",Black,Each,Carton,N/A,XXL,FALSE,18
125,"""The Gu"" red shirt XML tag t-shirt (Black) XL",Black,Each,Carton,N/A,XL,FALSE,18
126,"""The Gu"" red shirt XML tag t-shirt (Black) L",Black,Each,Carton,N/A,L,FALSE,18
127,"""The Gu"" red shirt XML tag t-shirt (Black) M",Black,Each,Carton,N/A,M,FALSE,18
128,"""The Gu"" red shirt XML tag t-shirt (Black) S",Black,Each,Carton,N/A,S,FALSE,18
129,"""The Gu"" red shirt XML tag t-shirt (Black) XS",Black,Each,Carton,N/A,XS,FALSE,18
130,"""The Gu"" red shirt XML tag t-shirt (Black) XXS",Black,Each,Carton,N/A,XXS,FALSE,18
131,"""The Gu"" red shirt XML tag t-shirt (Black) 3XS",Black,Each,Carton,N/A,3XS,FALSE,18
132,"""The Gu"" red shirt XML tag t-shirt (White) 7XL",White,Each,Carton,N/A,7XL,FALSE,18
133,"""The Gu"" red shirt XML tag t-shirt (White) 6XL",White,Each,Carton,N/A,6XL,FALSE,18
134,"""The Gu"" red shirt XML tag t-shirt (White) 5XL",White,Each,Carton,N/A,5XL,FALSE,18
135,"""The Gu"" red shirt XML tag t-shirt (White) 4XL",White,Each,Carton,N/A,4XL,FALSE,18
136,"""The Gu"" red shirt XML tag t-shirt (White) 3XL",White,Each,Carton,N/A,3XL,FALSE,18
137,"""The Gu"" red shirt XML tag t-shirt (White) XXL",White,Each,Carton,N/A,XXL,FALSE,18
138,"""The Gu"" red shirt XML tag t-shirt (White) XL",White,Each,Carton,N/A,XL,FALSE,18
139,"""The Gu"" red shirt XML tag t-shirt (White) L",White,Each,Carton,N/A,L,FALSE,18
140,"""The Gu"" red shirt XML tag t-shirt (White) M",White,Each,Carton,N/A,M,FALSE,18
141,"""The Gu"" red shirt XML tag t-shirt (White) S",White,Each,Carton,N/A,S,FALSE,18
142,"""The Gu"" red shirt XML tag t-shirt (White) XS",White,Each,Carton,N/A,XS,FALSE,18
143,"""The Gu"" red shirt XML tag t-shirt (White) XXS",White,Each,Carton,N/A,XXS,FALSE,18
144,"""The Gu"" red shirt XML tag t-shirt (White) 3XS",White,Each,Carton,N/A,3XS,FALSE,18
380,Halloween skull mask (Gray) XL,Steel Gray,Each,Carton,N/A,XL,FALSE,18
381,Halloween skull mask (Gray) L,Steel Gray,Each,Carton,N/A,L,FALSE,18
382,Halloween skull mask (Gray) M,Steel Gray,Each,Carton,N/A,M,FALSE,18
383,Halloween skull mask (Gray) S,Steel Gray,Each,Carton,N/A,S,FALSE,18
384,Halloween zombie mask (Light Brown) XL,Light Brown,Each,Carton,N/A,XL,FALSE,18
385,Halloween zombie mask (Light Brown) L,Light Brown,Each,Carton,N/A,L,FALSE,18
386,Halloween zombie mask (Light Brown) M,Light Brown,Each,Carton,N/A,M,FALSE,18
387,Halloween zombie mask (Light Brown) S,Light Brown,Each,Carton,N/A,S,FALSE,18
399,"""The Gu"" red shirt XML tag t-shirt (White) 3XS",White,Each,Carton,N/A,3XS,FALSE,18
400,"""The Gu"" red shirt XML tag t-shirt (White) XXS",White,Each,Carton,N/A,XXS,FALSE,18
401,"""The Gu"" red shirt XML tag t-shirt (White) XS",White,Each,Carton,N/A,XS,FALSE,18
402,"""The Gu"" red shirt XML tag t-shirt (White) S",White,Each,Carton,N/A,S,FALSE,18
403,"""The Gu"" red shirt XML tag t-shirt (White) M",White,Each,Carton,N/A,M,FALSE,18
404,"""The Gu"" red shirt XML tag t-shirt (White) L",White,Each,Carton,N/A,L,FALSE,18
405,"""The Gu"" red shirt XML tag t-shirt (White) XL",White,Each,Carton,N/A,XL,FALSE,18
406,"""The Gu"" red shirt XML tag t-shirt (White) XXL",White,Each,Carton,N/A,XXL,FALSE,18
407,"""The Gu"" red shirt XML tag t-shirt (White) 3XL",White,Each,Carton,N/A,3XL,FALSE,18
408,"""The Gu"" red shirt XML tag t-shirt (White) 4XL",White,Each,Carton,N/A,4XL,FALSE,18
409,"""The Gu"" red shirt XML tag t-shirt (White) 5XL",White,Each,Carton,N/A,5XL,FALSE,18
410,"""The Gu"" red shirt XML tag t-shirt (White) 6XL",White,Each,Carton,N/A,6XL,FALSE,18
411,"""The Gu"" red shirt XML tag t-shirt (White) 7XL",White,Each,Carton,N/A,7XL,FALSE,18
412,"""The Gu"" red shirt XML tag t-shirt (Black) 3XS",Black,Each,Carton,N/A,3XS,FALSE,18
413,"""The Gu"" red shirt XML tag t-shirt (Black) XXS",Black,Each,Carton,N/A,XXS,FALSE,18
414,"""The Gu"" red shirt XML tag t-shirt (Black) XS",Black,Each,Carton,N/A,XS,FALSE,18
415,"""The Gu"" red shirt XML tag t-shirt (Black) S",Black,Each,Carton,N/A,S,FALSE,18
416,"""The Gu"" red shirt XML tag t-shirt (Black) M",Black,Each,Carton,N/A,M,FALSE,18
417,"""The Gu"" red shirt XML tag t-shirt (Black) L",Black,Each,Carton,N/A,L,FALSE,18
418,"""The Gu"" red shirt XML tag t-shirt (Black) XL",Black,Each,Carton,N/A,XL,FALSE,18
419,"""The Gu"" red shirt XML tag t-shirt (Black) XXL",Black,Each,Carton,N/A,XXL,FALSE,18
420,"""The Gu"" red shirt XML tag t-shirt (Black) 3XL",Black,Each,Carton,N/A,3XL,FALSE,18
421,"""The Gu"" red shirt XML tag t-shirt (Black) 4XL",Black,Each,Carton,N/A,4XL,FALSE,18
422,"""The Gu"" red shirt XML tag t-shirt (Black) 5XL",Black,Each,Carton,N/A,5XL,FALSE,18
423,"""The Gu"" red shirt XML tag t-shirt (Black) 6XL",Black,Each,Carton,N/A,6XL,FALSE,18
424,"""The Gu"" red shirt XML tag t-shirt (Black) 7XL",Black,Each,Carton,N/A,7XL,FALSE,18
477,Halloween zombie mask (Light Brown) S,Light Brown,Each,Carton,N/A,S,FALSE,18
478,Halloween zombie mask (Light Brown) M,Light Brown,Each,Carton,N/A,M,FALSE,18
479,Halloween zombie mask (Light Brown) L,Light Brown,Each,Carton,N/A,L,FALSE,18
480,Halloween zombie mask (Light Brown) XL,Light Brown,Each,Carton,N/A,XL,FALSE,18
481,Halloween skull mask (Gray) S,Steel Gray,Each,Carton,N/A,S,FALSE,18
482,Halloween skull mask (Gray) M,Steel Gray,Each,Carton,N/A,M,FALSE,18
483,Halloween skull mask (Gray) L,Steel Gray,Each,Carton,N/A,L,FALSE,18
484,Halloween skull mask (Gray) XL,Steel Gray,Each,Carton,N/A,XL,FALSE,18
61,20 mm Double sided bubble wrap 10m,N/A,Each,Each,N/A,10m,FALSE,18
353,20 mm Double sided bubble wrap 10m,N/A,Each,Each,N/A,10m,FALSE,18
611,20 mm Double sided bubble wrap 10m,N/A,Each,Each,N/A,10m,FALSE,18
0,Unknown,N/A,N/A,N/A,N/A,N/A,FALSE,0
68,Pack of 12 action figures (female),N/A,Packet,Packet,N/A,N/A,FALSE,16
69,Pack of 12 action figures (male),N/A,Packet,Packet,N/A,N/A,FALSE,16
70,Pack of 12 action figures (variety),N/A,Packet,Packet,N/A,N/A,FALSE,16
79,Furry animal socks (Pink) XL,N/A,Pair,Packet,N/A,XL,FALSE,5
80,Furry animal socks (Pink) L,N/A,Pair,Packet,N/A,L,FALSE,5
81,Furry animal socks (Pink) M,N/A,Pair,Packet,N/A,M,FALSE,5
82,Furry animal socks (Pink) S,N/A,Pair,Packet,N/A,S,FALSE,5
205,USB food flash drive - dessert 10 drive variety pack,N/A,Packet,Packet,N/A,N/A,FALSE,240
212,USB food flash drive - dim sum 10 drive variety pack,N/A,Packet,Packet,N/A,N/A,FALSE,240
237,USB food flash drive - dessert 10 drive variety pack,N/A,Packet,Packet,N/A,N/A,FALSE,240
244,USB food flash drive - dim sum 10 drive variety pack,N/A,Packet,Packet,N/A,N/A,FALSE,240
388,Pack of 12 action figures (female),N/A,Packet,Packet,N/A,N/A,FALSE,16
389,Pack of 12 action figures (male),N/A,Packet,Packet,N/A,N/A,FALSE,16
390,Pack of 12 action figures (variety),N/A,Packet,Packet,N/A,N/A,FALSE,16
441,Furry animal socks (Pink) S,N/A,Pair,Packet,N/A,S,FALSE,5
442,Furry animal socks (Pink) M,N/A,Pair,Packet,N/A,M,FALSE,5
443,Furry animal socks (Pink) L,N/A,Pair,Packet,N/A,L,FALSE,5
444,Furry animal socks (Pink) XL,N/A,Pair,Packet,N/A,XL,FALSE,5
485,Pack of 12 action figures (variety),N/A,Packet,Packet,N/A,N/A,FALSE,16
486,Pack of 12 action figures (male),N/A,Packet,Packet,N/A,N/A,FALSE,16
487,Pack of 12 action figures (female),N/A,Packet,Packet,N/A,N/A,FALSE,16
537,USB food flash drive - dessert 10 drive variety pack,N/A,Packet,Packet,N/A,N/A,FALSE,240
544,USB food flash drive - dim sum 10 drive variety pack,N/A,Packet,Packet,N/A,N/A,FALSE,240
595,USB food flash drive - dim sum 10 drive variety pack,N/A,Packet,Packet,N/A,N/A,FALSE,240
602,USB food flash drive - dessert 10 drive variety pack,N/A,Packet,Packet,N/A,N/A,FALSE,240
1,Void fill 400 L bag (White) 400L,N/A,Each,Each,N/A,400L,FALSE,50
2,Void fill 300 L bag (White) 300L,N/A,Each,Each,N/A,300L,FALSE,37.5
3,Void fill 200 L bag (White) 200L,N/A,Each,Each,N/A,200L,FALSE,25
4,Void fill 100 L bag (White) 100L,N/A,Each,Each,N/A,100L,FALSE,12.5
5,Air cushion machine (Blue),N/A,Each,Each,N/A,N/A,FALSE,1899
6,Air cushion film 200mmx200mm 325m,N/A,Each,Each,N/A,325m,FALSE,90
7,Air cushion film 200mmx100mm 325m,N/A,Each,Each,N/A,325m,FALSE,87
8,Large  replacement blades 18mm,N/A,Each,Each,N/A,18mm,FALSE,4.3
9,Small 9mm replacement blades 9mm,N/A,Each,Each,N/A,9mm,FALSE,4.1
10,Packing knife with metal insert blade (Yellow) 18mm,N/A,Each,Each,N/A,18mm,FALSE,2.4
11,Packing knife with metal insert blade (Yellow) 9mm,N/A,Each,Each,N/A,9mm,FALSE,1.89
12,Permanent marker red 5mm nib (Red) 5mm,N/A,Each,Each,N/A,5mm,FALSE,2.7
13,Permanent marker blue 5mm nib (Blue) 5mm,N/A,Each,Each,N/A,5mm,FALSE,2.7
14,Permanent marker black 5mm nib (Black) 5mm,N/A,Each,Each,N/A,5mm,FALSE,2.7
18,Red and white urgent  heavy despatch tape  48mmx100m,N/A,Each,Each,N/A,48mmx100m,FALSE,4.1
19,Red and white urgent despatch tape 48mmx75m,N/A,Each,Each,N/A,48mmx75m,FALSE,3.7
20,Black and yellow heavy despatch tape 48mmx100m,N/A,Each,Each,N/A,48mmx100m,FALSE,4.1
21,Black and yellow heavy despatch tape  48mmx75m,N/A,Each,Each,N/A,48mmx75m,FALSE,3.7
22,Black and orange this way up despatch tape  48mmx100m,N/A,Each,Each,N/A,48mmx100m,FALSE,4.1
23,Black and orange this way up despatch tape 48mmx75m,N/A,Each,Each,N/A,48mmx75m,FALSE,3.7
24,Black and orange handle with care despatch tape  48mmx100m,N/A,Each,Each,N/A,48mmx100m,FALSE,4.1
25,Black and orange handle with care despatch tape  48mmx75m,N/A,Each,Each,N/A,48mmx75m,FALSE,3.7
26,Black and orange glass with care despatch tape  48mmx100m,N/A,Each,Each,N/A,48mmx100m,FALSE,4.1
27,Black and orange glass with care despatch tape 48mmx75m,N/A,Each,Each,N/A,48mmx75m,FALSE,3.7
28,Black and orange fragile despatch tape 48mmx100m,N/A,Each,Each,N/A,48mmx100m,FALSE,4.1
29,Black and orange fragile despatch tape 48mmx75m,N/A,Each,Each,N/A,48mmx75m,FALSE,3.7
30,Clear packaging tape 48mmx100m,N/A,Each,Each,N/A,48mmx100m,FALSE,3.5
31,Clear packaging tape 48mmx75m,N/A,Each,Each,N/A,48mmx75m,FALSE,2.9
32,3 kg Courier post bag (White) 300x190x95mm,N/A,Each,Each,N/A,300x190x95mm,FALSE,0.66
33,Express post box 5kg (White) 350x280x130mm,N/A,Each,Each,N/A,350x280x130mm,FALSE,0.95
34,Shipping carton (Brown) 457x457x457mm,N/A,Each,Each,N/A,457x457x457mm,FALSE,2.1
35,Shipping carton (Brown) 356x356x279mm,N/A,Each,Each,N/A,356x356x279mm,FALSE,2.04
36,Shipping carton (Brown) 305x305x305mm,N/A,Each,Each,N/A,305x305x305mm,FALSE,3.5
37,Shipping carton (Brown) 480x270x320mm,N/A,Each,Each,N/A,480x270x320mm,FALSE,2.74
38,Shipping carton (Brown) 457x279x279mm,N/A,Each,Each,N/A,457x279x279mm,FALSE,1.28
39,Shipping carton (Brown) 356x229x229mm,N/A,Each,Each,N/A,356x229x229mm,FALSE,1.14
40,Shipping carton (Brown) 279x254x217mm,N/A,Each,Each,N/A,279x254x217mm,FALSE,1.11
41,Shipping carton (Brown) 229x229x229mm,N/A,Each,Each,N/A,229x229x229mm,FALSE,1.05
42,Shipping carton (Brown) 500x310x310mm,N/A,Each,Each,N/A,500x310x310mm,FALSE,2.55
43,Shipping carton (Brown) 413x285x187mm,N/A,Each,Each,N/A,413x285x187mm,FALSE,1.05
44,Bubblewrap dispenser (Red) 1.5m,Red,Each,Each,N/A,1.5m,FALSE,240
45,Bubblewrap dispenser (Blue) 1.5m,Blue,Each,Each,N/A,1.5m,FALSE,240
46,Bubblewrap dispenser (Black) 1.5m,Black,Each,Each,N/A,1.5m,FALSE,240
47,32 mm Anti static bubble wrap (Blue) 50m,Blue,Each,Each,N/A,50m,FALSE,105
48,32 mm Anti static bubble wrap (Blue) 20m,Blue,Each,Each,N/A,20m,FALSE,48
50,20 mm Anti static bubble wrap (Blue) 50m,Blue,Each,Each,N/A,50m,FALSE,102
51,20 mm Anti static bubble wrap (Blue) 20m,Blue,Each,Each,N/A,20m,FALSE,45
52,20 mm Anti static bubble wrap (Blue) 10m,Blue,Each,Each,N/A,10m,FALSE,29
53,10 mm Anti static bubble wrap (Blue) 50m,Blue,Each,Each,N/A,50m,FALSE,99
54,10 mm Anti static bubble wrap (Blue) 20m,Blue,Each,Each,N/A,20m,FALSE,42
55,10 mm Anti static bubble wrap (Blue) 10m,Blue,Each,Each,N/A,10m,FALSE,26
56,32 mm Double sided bubble wrap 50m,N/A,Each,Each,N/A,50m,FALSE,112
57,32 mm Double sided bubble wrap 20m,N/A,Each,Each,N/A,20m,FALSE,37
58,32 mm Double sided bubble wrap 10m,N/A,Each,Each,N/A,10m,FALSE,22
59,20 mm Double sided bubble wrap 50m,N/A,Each,Each,N/A,50m,FALSE,108
60,20 mm Double sided bubble wrap 20m,N/A,Each,Each,N/A,20m,FALSE,33
62,10 mm Double sided bubble wrap 50m,N/A,Each,Each,N/A,50m,FALSE,105
63,10 mm Double sided bubble wrap 20m,N/A,Each,Each,N/A,20m,FALSE,30
64,10 mm Double sided bubble wrap 10m,N/A,Each,Each,N/A,10m,FALSE,15
65,Large sized bubblewrap roll 50m,N/A,Each,Each,N/A,50m,FALSE,24
66,Medium sized bubblewrap roll 20m,N/A,Each,Each,N/A,20m,FALSE,20
67,Small sized bubblewrap roll 10m,N/A,Each,Each,N/A,10m,FALSE,4.5
103,Superhero action jacket (Blue) 5XL,Blue,Each,Each,N/A,5XL,FALSE,34
104,Superhero action jacket (Blue) 4XL,Blue,Each,Each,N/A,4XL,FALSE,34
105,Superhero action jacket (Blue) 3XL,Blue,Each,Each,N/A,3XL,FALSE,34
106,Superhero action jacket (Blue) XXL,Blue,Each,Each,N/A,XXL,FALSE,30
107,Superhero action jacket (Blue) XL,Blue,Each,Each,N/A,XL,FALSE,30
108,Superhero action jacket (Blue) L,Blue,Each,Each,N/A,L,FALSE,30
109,Superhero action jacket (Blue) M,Blue,Each,Each,N/A,M,FALSE,30
110,Superhero action jacket (Blue) S,Blue,Each,Each,N/A,S,FALSE,25
111,Superhero action jacket (Blue) XS,Blue,Each,Each,N/A,XS,FALSE,25
112,Superhero action jacket (Blue) XXS,Blue,Each,Each,N/A,XXS,FALSE,25
113,Superhero action jacket (Blue) 3XS,Blue,Each,Each,N/A,3XS,FALSE,25
114,Alien officer hoodie (Black) 5XL,Black,Each,Each,N/A,5XL,FALSE,35
115,Alien officer hoodie (Black) 4XL,Black,Each,Each,N/A,4XL,FALSE,35
116,Alien officer hoodie (Black) 3XL,Black,Each,Each,N/A,3XL,FALSE,35
117,Alien officer hoodie (Black) XXL,Black,Each,Each,N/A,XXL,FALSE,35
118,Alien officer hoodie (Black) XL,Black,Each,Each,N/A,XL,FALSE,35
145,Ride on big wheel monster truck (Black) 1/12 scale,Black,Each,Each,Northwind,1/12 scale,FALSE,345
146,Ride on vintage American toy coupe (Black) 1/12 scale,Black,Each,Each,Northwind,1/12 scale,FALSE,285
147,Ride on vintage American toy coupe (Red) 1/12 scale,Red,Each,Each,Northwind,1/12 scale,FALSE,285
148,Ride on toy sedan car (Pink) 1/12 scale,N/A,Each,Each,Northwind,1/12 scale,FALSE,230
149,Ride on toy sedan car (Yellow) 1/12 scale,Yellow,Each,Each,Northwind,1/12 scale,FALSE,230
150,Ride on toy sedan car (Green) 1/12 scale,N/A,Each,Each,Northwind,1/12 scale,FALSE,230
151,Ride on toy sedan car (Blue) 1/12 scale,Blue,Each,Each,Northwind,1/12 scale,FALSE,230
152,Ride on toy sedan car (Red) 1/12 scale,Red,Each,Each,Northwind,1/12 scale,FALSE,230
153,Ride on toy sedan car (Black) 1/12 scale,Black,Each,Each,Northwind,1/12 scale,FALSE,230
154,RC big wheel monster truck with remote control (Black) 1/50 scale,Black,Each,Each,Northwind,1/50 scale,FALSE,45
155,RC vintage American toy coupe with remote control (Black) 1/50 scale,Black,Each,Each,Northwind,1/50 scale,FALSE,30
156,RC vintage American toy coupe with remote control (Red) 1/50 scale,Red,Each,Each,Northwind,1/50 scale,FALSE,30
157,RC toy sedan car with remote control (Pink) 1/50 scale,N/A,Each,Each,Northwind,1/50 scale,FALSE,25
158,RC toy sedan car with remote control (Yellow) 1/50 scale,Yellow,Each,Each,Northwind,1/50 scale,FALSE,25
159,RC toy sedan car with remote control (Green) 1/50 scale,N/A,Each,Each,Northwind,1/50 scale,FALSE,25
160,RC toy sedan car with remote control (Blue) 1/50 scale,Blue,Each,Each,Northwind,1/50 scale,FALSE,25
161,RC toy sedan car with remote control (Red) 1/50 scale,Red,Each,Each,Northwind,1/50 scale,FALSE,25
162,RC toy sedan car with remote control (Black) 1/50 scale,Black,Each,Each,Northwind,1/50 scale,FALSE,25
217,Office cube periscope (Black),Black,Each,Carton,N/A,N/A,FALSE,18.5
218,USB rocket launcher (Gray),Gray,Each,Each,N/A,N/A,FALSE,25
219,USB missile launcher (Green),N/A,Each,Each,N/A,N/A,FALSE,25
228,RC big wheel monster truck with remote control (Black) 1/50 scale,Black,Each,Each,Northwind,1/50 scale,FALSE,45
229,RC vintage American toy coupe with remote control (Black) 1/50 scale,Black,Each,Each,Northwind,1/50 scale,FALSE,30
230,RC vintage American toy coupe with remote control (Red) 1/50 scale,Red,Each,Each,Northwind,1/50 scale,FALSE,30
231,RC toy sedan car with remote control (Pink) 1/50 scale,N/A,Each,Each,Northwind,1/50 scale,FALSE,25
232,RC toy sedan car with remote control (Yellow) 1/50 scale,Yellow,Each,Each,Northwind,1/50 scale,FALSE,25
233,RC toy sedan car with remote control (Green) 1/50 scale,N/A,Each,Each,Northwind,1/50 scale,FALSE,25
234,RC toy sedan car with remote control (Blue) 1/50 scale,Blue,Each,Each,Northwind,1/50 scale,FALSE,25
235,RC toy sedan car with remote control (Red) 1/50 scale,Red,Each,Each,Northwind,1/50 scale,FALSE,25
236,RC toy sedan car with remote control (Black) 1/50 scale,Black,Each,Each,Northwind,1/50 scale,FALSE,25
291,USB rocket launcher (Gray),Steel Gray,Each,Each,N/A,N/A,FALSE,25
292,USB missile launcher (Green),N/A,Each,Each,N/A,N/A,FALSE,25
293,Void fill 400 L bag (White) 400L,N/A,Each,Each,N/A,400L,FALSE,50
294,Void fill 300 L bag (White) 300L,N/A,Each,Each,N/A,300L,FALSE,37.5
295,Void fill 200 L bag (White) 200L,N/A,Each,Each,N/A,200L,FALSE,25
296,Void fill 100 L bag (White) 100L,N/A,Each,Each,N/A,100L,FALSE,12.5
297,Air cushion machine (Blue),N/A,Each,Each,N/A,N/A,FALSE,1899
298,Air cushion film 200mmx200mm 325m,N/A,Each,Each,N/A,325m,FALSE,90
299,Air cushion film 200mmx100mm 325m,N/A,Each,Each,N/A,325m,FALSE,87
300,Large  replacement blades 18mm,N/A,Each,Each,N/A,18mm,FALSE,4.3
301,Small 9mm replacement blades 9mm,N/A,Each,Each,N/A,9mm,FALSE,4.1
302,Packing knife with metal insert blade (Yellow) 18mm,N/A,Each,Each,N/A,18mm,FALSE,2.4
303,Packing knife with metal insert blade (Yellow) 9mm,N/A,Each,Each,N/A,9mm,FALSE,1.89
304,Permanent marker red 5mm nib (Red) 5mm,N/A,Each,Each,N/A,5mm,FALSE,2.7
305,Permanent marker blue 5mm nib (Blue) 5mm,N/A,Each,Each,N/A,5mm,FALSE,2.7
306,Permanent marker black 5mm nib (Black) 5mm,N/A,Each,Each,N/A,5mm,FALSE,2.7
310,Red and white urgent  heavy despatch tape  48mmx100m,N/A,Each,Each,N/A,48mmx100m,FALSE,4.1
311,Red and white urgent despatch tape 48mmx75m,N/A,Each,Each,N/A,48mmx75m,FALSE,3.7
312,Black and yellow heavy despatch tape 48mmx100m,N/A,Each,Each,N/A,48mmx100m,FALSE,4.1
313,Black and yellow heavy despatch tape  48mmx75m,N/A,Each,Each,N/A,48mmx75m,FALSE,3.7
314,Black and orange this way up despatch tape  48mmx100m,N/A,Each,Each,N/A,48mmx100m,FALSE,4.1
315,Black and orange this way up despatch tape 48mmx75m,N/A,Each,Each,N/A,48mmx75m,FALSE,3.7
316,Black and orange handle with care despatch tape  48mmx100m,N/A,Each,Each,N/A,48mmx100m,FALSE,4.1
317,Black and orange handle with care despatch tape  48mmx75m,N/A,Each,Each,N/A,48mmx75m,FALSE,3.7
318,Black and orange glass with care despatch tape  48mmx100m,N/A,Each,Each,N/A,48mmx100m,FALSE,4.1
319,Black and orange glass with care despatch tape 48mmx75m,N/A,Each,Each,N/A,48mmx75m,FALSE,3.7
320,Black and orange fragile despatch tape 48mmx100m,N/A,Each,Each,N/A,48mmx100m,FALSE,4.1
321,Black and orange fragile despatch tape 48mmx75m,N/A,Each,Each,N/A,48mmx75m,FALSE,3.7
322,Clear packaging tape 48mmx100m,N/A,Each,Each,N/A,48mmx100m,FALSE,3.5
323,Clear packaging tape 48mmx75m,N/A,Each,Each,N/A,48mmx75m,FALSE,2.9
324,3 kg Courier post bag (White) 300x190x95mm,N/A,Each,Each,N/A,300x190x95mm,FALSE,0.66
325,Express post box 5kg (White) 350x280x130mm,N/A,Each,Each,N/A,350x280x130mm,FALSE,0.95
326,Shipping carton (Brown) 457x457x457mm,N/A,Each,Each,N/A,457x457x457mm,FALSE,2.1
327,Shipping carton (Brown) 356x356x279mm,N/A,Each,Each,N/A,356x356x279mm,FALSE,2.04
328,Shipping carton (Brown) 305x305x305mm,N/A,Each,Each,N/A,305x305x305mm,FALSE,3.5
329,Shipping carton (Brown) 480x270x320mm,N/A,Each,Each,N/A,480x270x320mm,FALSE,2.74
330,Shipping carton (Brown) 457x279x279mm,N/A,Each,Each,N/A,457x279x279mm,FALSE,1.28
331,Shipping carton (Brown) 356x229x229mm,N/A,Each,Each,N/A,356x229x229mm,FALSE,1.14
332,Shipping carton (Brown) 279x254x217mm,N/A,Each,Each,N/A,279x254x217mm,FALSE,1.11
333,Shipping carton (Brown) 229x229x229mm,N/A,Each,Each,N/A,229x229x229mm,FALSE,1.05
334,Shipping carton (Brown) 500x310x310mm,N/A,Each,Each,N/A,500x310x310mm,FALSE,2.55
335,Shipping carton (Brown) 413x285x187mm,N/A,Each,Each,N/A,413x285x187mm,FALSE,1.05
336,Bubblewrap dispenser (Red) 1.5m,Red,Each,Each,N/A,1.5m,FALSE,240
337,Bubblewrap dispenser (Blue) 1.5m,Blue,Each,Each,N/A,1.5m,FALSE,240
338,Bubblewrap dispenser (Black) 1.5m,Black,Each,Each,N/A,1.5m,FALSE,240
339,32 mm Anti static bubble wrap (Blue) 50m,Blue,Each,Each,N/A,50m,FALSE,105
340,32 mm Anti static bubble wrap (Blue) 20m,Blue,Each,Each,N/A,20m,FALSE,48
342,20 mm Anti static bubble wrap (Blue) 50m,Blue,Each,Each,N/A,50m,FALSE,102
343,20 mm Anti static bubble wrap (Blue) 20m,Blue,Each,Each,N/A,20m,FALSE,45
344,20 mm Anti static bubble wrap (Blue) 10m,Blue,Each,Each,N/A,10m,FALSE,29
345,10 mm Anti static bubble wrap (Blue) 50m,Blue,Each,Each,N/A,50m,FALSE,99
346,10 mm Anti static bubble wrap (Blue) 20m,Blue,Each,Each,N/A,20m,FALSE,42
347,10 mm Anti static bubble wrap (Blue) 10m,Blue,Each,Each,N/A,10m,FALSE,26
348,32 mm Double sided bubble wrap 50m,N/A,Each,Each,N/A,50m,FALSE,112
349,32 mm Double sided bubble wrap 20m,N/A,Each,Each,N/A,20m,FALSE,37
350,32 mm Double sided bubble wrap 10m,N/A,Each,Each,N/A,10m,FALSE,22
351,20 mm Double sided bubble wrap 50m,N/A,Each,Each,N/A,50m,FALSE,108
352,20 mm Double sided bubble wrap 20m,N/A,Each,Each,N/A,20m,FALSE,33
354,10 mm Double sided bubble wrap 50m,N/A,Each,Each,N/A,50m,FALSE,105
355,10 mm Double sided bubble wrap 20m,N/A,Each,Each,N/A,20m,FALSE,30
356,10 mm Double sided bubble wrap 10m,N/A,Each,Each,N/A,10m,FALSE,15
357,Large sized bubblewrap roll 50m,N/A,Each,Each,N/A,50m,FALSE,24
358,Medium sized bubblewrap roll 20m,N/A,Each,Each,N/A,20m,FALSE,20
359,Small sized bubblewrap roll 10m,N/A,Each,Each,N/A,10m,FALSE,4.5
391,Ride on big wheel monster truck (Black) 1/12 scale,Black,Each,Each,Northwind,1/12 scale,FALSE,345
392,Ride on toy sedan car (Pink) 1/12 scale,N/A,Each,Each,Northwind,1/12 scale,FALSE,230
393,Ride on toy sedan car (Yellow) 1/12 scale,Yellow,Each,Each,Northwind,1/12 scale,FALSE,230
394,Ride on toy sedan car (Green) 1/12 scale,N/A,Each,Each,Northwind,1/12 scale,FALSE,230
395,Ride on toy sedan car (Blue) 1/12 scale,Blue,Each,Each,Northwind,1/12 scale,FALSE,230
396,Ride on toy sedan car (Red) 1/12 scale,Red,Each,Each,Northwind,1/12 scale,FALSE,230
397,Ride on toy sedan car (Black) 1/12 scale,Black,Each,Each,Northwind,1/12 scale,FALSE,230
398,Office cube periscope (Black),Black,Each,Carton,N/A,N/A,FALSE,18.5
425,Alien officer hoodie (Black) XL,Black,Each,Each,N/A,XL,FALSE,35
426,Alien officer hoodie (Black) XXL,Black,Each,Each,N/A,XXL,FALSE,35
427,Alien officer hoodie (Black) 3XL,Black,Each,Each,N/A,3XL,FALSE,35
428,Alien officer hoodie (Black) 4XL,Black,Each,Each,N/A,4XL,FALSE,35
429,Alien officer hoodie (Black) 5XL,Black,Each,Each,N/A,5XL,FALSE,35
430,Superhero action jacket (Blue) 3XS,Blue,Each,Each,N/A,3XS,FALSE,25
431,Superhero action jacket (Blue) XXS,Blue,Each,Each,N/A,XXS,FALSE,25
432,Superhero action jacket (Blue) XS,Blue,Each,Each,N/A,XS,FALSE,25
433,Superhero action jacket (Blue) S,Blue,Each,Each,N/A,S,FALSE,25
434,Superhero action jacket (Blue) M,Blue,Each,Each,N/A,M,FALSE,30
435,Superhero action jacket (Blue) L,Blue,Each,Each,N/A,L,FALSE,30
436,Superhero action jacket (Blue) XL,Blue,Each,Each,N/A,XL,FALSE,30
437,Superhero action jacket (Blue) XXL,Blue,Each,Each,N/A,XXL,FALSE,30
438,Superhero action jacket (Blue) 3XL,Blue,Each,Each,N/A,3XL,FALSE,34
439,Superhero action jacket (Blue) 4XL,Blue,Each,Each,N/A,4XL,FALSE,34
440,Superhero action jacket (Blue) 5XL,Blue,Each,Each,N/A,5XL,FALSE,34
453,Ride on vintage American toy coupe (Black) 1/12 scale,Black,Each,Each,Northwind,1/12 scale,FALSE,285
454,Ride on vintage American toy coupe (Red) 1/12 scale,Red,Each,Each,Northwind,1/12 scale,FALSE,285
455,RC big wheel monster truck with remote control (Black) 1/50 scale,Black,Each,Each,Northwind,1/50 scale,FALSE,45
456,RC vintage American toy coupe with remote control (Black) 1/50 scale,Black,Each,Each,Northwind,1/50 scale,FALSE,30
457,RC vintage American toy coupe with remote control (Red) 1/50 scale,Red,Each,Each,Northwind,1/50 scale,FALSE,30
458,RC toy sedan car with remote control (Pink) 1/50 scale,N/A,Each,Each,Northwind,1/50 scale,FALSE,25
459,RC toy sedan car with remote control (Yellow) 1/50 scale,Yellow,Each,Each,Northwind,1/50 scale,FALSE,25
460,RC toy sedan car with remote control (Green) 1/50 scale,N/A,Each,Each,Northwind,1/50 scale,FALSE,25
461,RC toy sedan car with remote control (Blue) 1/50 scale,Blue,Each,Each,Northwind,1/50 scale,FALSE,25
462,RC toy sedan car with remote control (Red) 1/50 scale,Red,Each,Each,Northwind,1/50 scale,FALSE,25
463,RC toy sedan car with remote control (Black) 1/50 scale,Black,Each,Each,Northwind,1/50 scale,FALSE,25
464,RC vintage American toy coupe with remote control (Black) 1/50 scale,Black,Each,Each,Northwind,1/50 scale,FALSE,30
465,RC vintage American toy coupe with remote control (Red) 1/50 scale,Red,Each,Each,Northwind,1/50 scale,FALSE,30
466,RC big wheel monster truck with remote control (Black) 1/50 scale,Black,Each,Each,Northwind,1/50 scale,FALSE,45
467,RC toy sedan car with remote control (Black) 1/50 scale,Black,Each,Each,Northwind,1/50 scale,FALSE,25
468,RC toy sedan car with remote control (Red) 1/50 scale,Red,Each,Each,Northwind,1/50 scale,FALSE,25
469,RC toy sedan car with remote control (Blue) 1/50 scale,Blue,Each,Each,Northwind,1/50 scale,FALSE,25
470,RC toy sedan car with remote control (Green) 1/50 scale,N/A,Each,Each,Northwind,1/50 scale,FALSE,25
471,RC toy sedan car with remote control (Yellow) 1/50 scale,Yellow,Each,Each,Northwind,1/50 scale,FALSE,25
472,RC toy sedan car with remote control (Pink) 1/50 scale,N/A,Each,Each,Northwind,1/50 scale,FALSE,25
473,RC vintage American toy coupe with remote control (Red) 1/50 scale,Red,Each,Each,Northwind,1/50 scale,FALSE,30
474,RC vintage American toy coupe with remote control (Black) 1/50 scale,Black,Each,Each,Northwind,1/50 scale,FALSE,30
475,Ride on vintage American toy coupe (Black) 1/12 scale,Black,Each,Each,Northwind,1/12 scale,FALSE,285
476,Ride on vintage American toy coupe (Red) 1/12 scale,Red,Each,Each,Northwind,1/12 scale,FALSE,285
488,Ride on toy sedan car (Black) 1/12 scale,Black,Each,Each,Northwind,1/12 scale,FALSE,230
489,Ride on toy sedan car (Red) 1/12 scale,Red,Each,Each,Northwind,1/12 scale,FALSE,230
490,Ride on toy sedan car (Blue) 1/12 scale,Blue,Each,Each,Northwind,1/12 scale,FALSE,230
491,Ride on toy sedan car (Green) 1/12 scale,N/A,Each,Each,Northwind,1/12 scale,FALSE,230
492,Ride on toy sedan car (Yellow) 1/12 scale,Yellow,Each,Each,Northwind,1/12 scale,FALSE,230
493,Ride on toy sedan car (Pink) 1/12 scale,N/A,Each,Each,Northwind,1/12 scale,FALSE,230
494,Ride on vintage American toy coupe (Red) 1/12 scale,Red,Each,Each,Northwind,1/12 scale,FALSE,285
495,Ride on vintage American toy coupe (Black) 1/12 scale,Black,Each,Each,Northwind,1/12 scale,FALSE,285
496,Ride on big wheel monster truck (Black) 1/12 scale,Black,Each,Each,Northwind,1/12 scale,FALSE,345
603,USB missile launcher (Green),N/A,Each,Each,N/A,N/A,FALSE,25
604,USB rocket launcher (Gray),Steel Gray,Each,Each,N/A,N/A,FALSE,25
605,Small sized bubblewrap roll 10m,N/A,Each,Each,N/A,10m,FALSE,4.5
606,Medium sized bubblewrap roll 20m,N/A,Each,Each,N/A,20m,FALSE,20
607,Large sized bubblewrap roll 50m,N/A,Each,Each,N/A,50m,FALSE,24
608,10 mm Double sided bubble wrap 10m,N/A,Each,Each,N/A,10m,FALSE,15
609,10 mm Double sided bubble wrap 20m,N/A,Each,Each,N/A,20m,FALSE,30
610,10 mm Double sided bubble wrap 50m,N/A,Each,Each,N/A,50m,FALSE,105
612,20 mm Double sided bubble wrap 20m,N/A,Each,Each,N/A,20m,FALSE,33
613,20 mm Double sided bubble wrap 50m,N/A,Each,Each,N/A,50m,FALSE,108
614,32 mm Double sided bubble wrap 10m,N/A,Each,Each,N/A,10m,FALSE,22
615,32 mm Double sided bubble wrap 20m,N/A,Each,Each,N/A,20m,FALSE,37
616,32 mm Double sided bubble wrap 50m,N/A,Each,Each,N/A,50m,FALSE,112
617,10 mm Anti static bubble wrap (Blue) 10m,Blue,Each,Each,N/A,10m,FALSE,26
618,10 mm Anti static bubble wrap (Blue) 20m,Blue,Each,Each,N/A,20m,FALSE,42
619,10 mm Anti static bubble wrap (Blue) 50m,Blue,Each,Each,N/A,50m,FALSE,99
620,20 mm Anti static bubble wrap (Blue) 10m,Blue,Each,Each,N/A,10m,FALSE,29
621,20 mm Anti static bubble wrap (Blue) 20m,Blue,Each,Each,N/A,20m,FALSE,45
622,20 mm Anti static bubble wrap (Blue) 50m,Blue,Each,Each,N/A,50m,FALSE,102
624,32 mm Anti static bubble wrap (Blue) 20m,Blue,Each,Each,N/A,20m,FALSE,48
625,32 mm Anti static bubble wrap (Blue) 50m,Blue,Each,Each,N/A,50m,FALSE,105
626,Bubblewrap dispenser (Black) 1.5m,Black,Each,Each,N/A,1.5m,FALSE,240
627,Bubblewrap dispenser (Blue) 1.5m,Blue,Each,Each,N/A,1.5m,FALSE,240
628,Bubblewrap dispenser (Red) 1.5m,Red,Each,Each,N/A,1.5m,FALSE,240
629,Shipping carton (Brown) 413x285x187mm,N/A,Each,Each,N/A,413x285x187mm,FALSE,1.05
630,Shipping carton (Brown) 500x310x310mm,N/A,Each,Each,N/A,500x310x310mm,FALSE,2.55
631,Shipping carton (Brown) 229x229x229mm,N/A,Each,Each,N/A,229x229x229mm,FALSE,1.05
632,Shipping carton (Brown) 279x254x217mm,N/A,Each,Each,N/A,279x254x217mm,FALSE,1.11
633,Shipping carton (Brown) 356x229x229mm,N/A,Each,Each,N/A,356x229x229mm,FALSE,1.14
634,Shipping carton (Brown) 457x279x279mm,N/A,Each,Each,N/A,457x279x279mm,FALSE,1.28
635,Shipping carton (Brown) 480x270x320mm,N/A,Each,Each,N/A,480x270x320mm,FALSE,2.74
636,Shipping carton (Brown) 305x305x305mm,N/A,Each,Each,N/A,305x305x305mm,FALSE,3.5
637,Shipping carton (Brown) 356x356x279mm,N/A,Each,Each,N/A,356x356x279mm,FALSE,2.04
638,Shipping carton (Brown) 457x457x457mm,N/A,Each,Each,N/A,457x457x457mm,FALSE,2.1
639,Express post box 5kg (White) 350x280x130mm,N/A,Each,Each,N/A,350x280x130mm,FALSE,0.95
640,3 kg Courier post bag (White) 300x190x95mm,N/A,Each,Each,N/A,300x190x95mm,FALSE,0.66
641,Clear packaging tape 48mmx75m,N/A,Each,Each,N/A,48mmx75m,FALSE,2.9
642,Clear packaging tape 48mmx100m,N/A,Each,Each,N/A,48mmx100m,FALSE,3.5
643,Black and orange fragile despatch tape 48mmx75m,N/A,Each,Each,N/A,48mmx75m,FALSE,3.7
644,Black and orange fragile despatch tape 48mmx100m,N/A,Each,Each,N/A,48mmx100m,FALSE,4.1
645,Black and orange glass with care despatch tape 48mmx75m,N/A,Each,Each,N/A,48mmx75m,FALSE,3.7
646,Black and orange glass with care despatch tape  48mmx100m,N/A,Each,Each,N/A,48mmx100m,FALSE,4.1
647,Black and orange handle with care despatch tape  48mmx75m,N/A,Each,Each,N/A,48mmx75m,FALSE,3.7
648,Black and orange handle with care despatch tape  48mmx100m,N/A,Each,Each,N/A,48mmx100m,FALSE,4.1
649,Black and orange this way up despatch tape 48mmx75m,N/A,Each,Each,N/A,48mmx75m,FALSE,3.7
650,Black and orange this way up despatch tape  48mmx100m,N/A,Each,Each,N/A,48mmx100m,FALSE,4.1
651,Black and yellow heavy despatch tape  48mmx75m,N/A,Each,Each,N/A,48mmx75m,FALSE,3.7
652,Black and yellow heavy despatch tape 48mmx100m,N/A,Each,Each,N/A,48mmx100m,FALSE,4.1
653,Red and white urgent despatch tape 48mmx75m,N/A,Each,Each,N/A,48mmx75m,FALSE,3.7
654,Red and white urgent  heavy despatch tape  48mmx100m,N/A,Each,Each,N/A,48mmx100m,FALSE,4.1
658,Permanent marker black 5mm nib (Black) 5mm,N/A,Each,Each,N/A,5mm,FALSE,2.7
659,Permanent marker blue 5mm nib (Blue) 5mm,N/A,Each,Each,N/A,5mm,FALSE,2.7
660,Permanent marker red 5mm nib (Red) 5mm,N/A,Each,Each,N/A,5mm,FALSE,2.7
661,Packing knife with metal insert blade (Yellow) 9mm,N/A,Each,Each,N/A,9mm,FALSE,1.89
662,Packing knife with metal insert blade (Yellow) 18mm,N/A,Each,Each,N/A,18mm,FALSE,2.4
663,Small 9mm replacement blades 9mm,N/A,Each,Each,N/A,9mm,FALSE,4.1
664,Large  replacement blades 18mm,N/A,Each,Each,N/A,18mm,FALSE,4.3
665,Air cushion film 200mmx100mm 325m,N/A,Each,Each,N/A,325m,FALSE,87
666,Air cushion film 200mmx200mm 325m,N/A,Each,Each,N/A,325m,FALSE,90
667,Air cushion machine (Blue),N/A,Each,Each,N/A,N/A,FALSE,1899
668,Void fill 100 L bag (White) 100L,N/A,Each,Each,N/A,100L,FALSE,12.5
669,Void fill 200 L bag (White) 200L,N/A,Each,Each,N/A,200L,FALSE,25
670,Void fill 300 L bag (White) 300L,N/A,Each,Each,N/A,300L,FALSE,37.5
671,Void fill 400 L bag (White) 400L,N/A,Each,Each,N/A,400L,FALSE,50
220,Novelty chilli chocolates 500g,N/A,Bag,Carton,N/A,500g,TRUE,14.5
221,Novelty chilli chocolates 250g,N/A,Bag,Carton,N/A,250g,TRUE,8.55
222,Chocolate echidnas 250g,N/A,Bag,Carton,N/A,250g,TRUE,8.55
223,Chocolate beetles 250g,N/A,Bag,Carton,N/A,250g,TRUE,8.55
224,Chocolate sharks 250g,N/A,Bag,Carton,N/A,250g,TRUE,8.55
225,Chocolate frogs 250g,N/A,Bag,Carton,N/A,250g,TRUE,8.55
226,White chocolate moon rocks 250g,N/A,Bag,Carton,N/A,250g,TRUE,8.55
227,White chocolate snow balls 250g,N/A,Bag,Carton,N/A,250g,TRUE,8.55
445,Novelty chilli chocolates 250g,N/A,Bag,Carton,N/A,250g,TRUE,8.55
446,Novelty chilli chocolates 500g,N/A,Bag,Carton,N/A,500g,TRUE,14.5
447,Chocolate beetles 250g,N/A,Bag,Carton,N/A,250g,TRUE,8.55
448,Chocolate echidnas 250g,N/A,Bag,Carton,N/A,250g,TRUE,8.55
449,Chocolate frogs 250g,N/A,Bag,Carton,N/A,250g,TRUE,8.55
450,Chocolate sharks 250g,N/A,Bag,Carton,N/A,250g,TRUE,8.55
451,White chocolate snow balls 250g,N/A,Bag,Carton,N/A,250g,TRUE,8.55
452,White chocolate moon rocks 250g,N/A,Bag,Carton,N/A,250g,TRUE,8.55
